2.475672066211700439e-01,2.675568871200084686e-02,1.915691941976547241e-01
-1.553377509117126465e-02,5.768516659736633301e-02,-2.712914347648620605e-01
-1.361429691314697266e-02,-2.376596629619598389e-01,-2.966857552528381348e-01
-4.514506459236145020e-02,-3.000226020812988281e-01,9.349590539932250977e-02
5.163744688034057617e-01,5.402446389198303223e-01,3.901311755180358887e-01
-6.976956129074096680e-02,-4.295944422483444214e-02,3.874589800834655762e-01
-1.935393214225769043e-01,-4.247081875801086426e-01,-3.649672865867614746e-01
1.992648482322692871e+00,2.156595945358276367e+00,1.822266101837158203e+00
-2.685129642486572266e-02,-2.862481176853179932e-01,1.260830461978912354e-01
-2.917931079864501953e-01,-2.056168168783187866e-01,3.221561312675476074e-01
1.392715573310852051e-01,-1.937341541051864624e-01,6.506869196891784668e-02
-8.407932519912719727e-02,3.510853648185729980e-01,5.173552036285400391e-02
2.147407829761505127e-01,6.743693947792053223e-01,4.617475867271423340e-01
3.103656172752380371e-01,2.075076699256896973e-01,2.237381786108016968e-01
3.083781003952026367e-01,1.736025363206863403e-01,3.303967714309692383e-01
5.071071535348892212e-02,-2.325031459331512451e-01,1.765080243349075317e-01
-3.201184868812561035e-01,-4.163437485694885254e-01,-2.661416307091712952e-02
6.953223794698715210e-02,-2.507771253585815430e-01,-1.456154435873031616e-01
-4.031372070312500000e-01,2.728672884404659271e-02,-3.423418998718261719e-01
-6.092246055603027344e+00,-5.699193954467773438e+00,-6.013202190399169922e+00
-1.917286515235900879e-01,-3.963119685649871826e-01,-5.116498470306396484e-02
-6.047695875167846680e-01,-5.650797486305236816e-01,-7.616899609565734863e-01
1.817762255668640137e+00,1.641295433044433594e+00,1.908925414085388184e+00
1.379452645778656006e-01,-1.315956562757492065e-01,-1.645359098911285400e-01
2.330417156219482422e+00,2.403774261474609375e+00,2.812685728073120117e+00
-7.074460387229919434e-02,-2.294231355190277100e-01,-3.370226621627807617e-01
-2.274677753448486328e-01,1.052846089005470276e-01,4.066666960716247559e-01
-5.043295621871948242e-01,-4.555532038211822510e-01,-6.584609150886535645e-01
-9.694986343383789062e-01,-1.083902716636657715e+00,-7.012879252433776855e-01
-9.980061650276184082e-02,-3.513593971729278564e-01,-1.349073350429534912e-01
2.625442743301391602e-01,1.804223954677581787e-01,1.147361695766448975e-01
-2.070047855377197266e-01,2.828921377658843994e-01,-9.921439737081527710e-02
4.542433470487594604e-02,-5.345127731561660767e-02,3.640989065170288086e-01
2.980820655822753906e+00,2.806252717971801758e+00,3.050113201141357422e+00
-3.709415435791015625e+00,-3.219870090484619141e+00,-3.517302751541137695e+00
-7.553218305110931396e-02,2.935520410537719727e-01,-7.046505063772201538e-02
-1.183599531650543213e-01,-3.634349703788757324e-01,-1.511939764022827148e-01
-1.001933366060256958e-01,3.253537416458129883e-02,4.238538742065429688e-01
1.652966141700744629e-01,-2.627488598227500916e-02,3.475933074951171875e-01
2.019414424896240234e+00,2.166870594024658203e+00,1.833108544349670410e+00
1.784588247537612915e-01,1.885731965303421021e-01,-1.034853458404541016e-01
-3.727809786796569824e-01,1.575083583593368530e-01,-2.242033630609512329e-01
-2.592969894409179688e+00,-2.177674531936645508e+00,-2.503517389297485352e+00
-2.758666515350341797e+00,-2.571808338165283203e+00,-2.076086521148681641e+00
-2.301649749279022217e-01,-2.877840101718902588e-01,-4.308248162269592285e-01
6.796808242797851562e-01,5.153206586837768555e-01,7.797487974166870117e-01
2.714640200138092041e-01,4.056158065795898438e-01,1.797737628221511841e-01
-1.263857781887054443e-01,2.470347583293914795e-01,-1.585315465927124023e-01
-2.191904067993164062e+00,-2.199295282363891602e+00,-1.751419544219970703e+00
9.425700902938842773e-01,1.044716835021972656e+00,7.661037445068359375e-01
8.434370160102844238e-01,8.722718954086303711e-01,1.256221175193786621e+00
1.686381399631500244e-01,3.763705492019653320e-02,3.883387446403503418e-01
2.014069855213165283e-01,-3.106310963630676270e-02,-4.221796244382858276e-02
-1.104590892791748047e-01,9.309183806180953979e-02,4.331177473068237305e-01
-5.559793114662170410e-02,7.970710098743438721e-02,-2.788938879966735840e-01
-1.486180901527404785e+00,-1.249792814254760742e+00,-1.548844337463378906e+00
1.812785029411315918e+00,1.850342512130737305e+00,1.628522872924804688e+00
-3.068692088127136230e-01,-4.244051575660705566e-01,-5.023666843771934509e-02
2.023155987262725830e-02,4.739340245723724365e-01,3.171199560165405273e-01
-8.316765427589416504e-01,-8.618513941764831543e-01,-1.005620837211608887e+00
1.495621204376220703e-01,-8.498292416334152222e-02,3.139672279357910156e-01
-4.723759651184082031e+00,-4.719274044036865234e+00,-4.266298294067382812e+00
-3.528501391410827637e-01,1.523328572511672974e-01,-2.395957410335540771e-01
-2.282358407974243164e-01,3.398463129997253418e-01,1.725296527147293091e-01
-4.329668879508972168e-01,-6.437466740608215332e-01,-6.088320612907409668e-01
2.095651030540466309e-01,-6.179857254028320312e-02,1.596645563840866089e-01
3.170608878135681152e-01,4.102598726749420166e-01,2.309378534555435181e-01
-1.444877386093139648e-01,-3.417671918869018555e-01,4.760940372943878174e-02
-4.415784478187561035e-01,-4.320428073406219482e-01,3.381557762622833252e-03
-9.465092420578002930e-02,-3.454526066780090332e-01,-9.445891529321670532e-02
1.431853324174880981e-01,-1.147307306528091431e-01,-1.675763726234436035e-01
1.926014274358749390e-01,-1.069333404302597046e-01,1.633333116769790649e-01
-4.939920902252197266e-01,-4.904396235942840576e-01,-7.998134195804595947e-02
-8.730410039424896240e-02,2.349456548690795898e-01,-1.760012507438659668e-01
4.801630228757858276e-02,-2.562076151371002197e-01,-2.063735201954841614e-02
6.930211186408996582e-02,-2.136979401111602783e-01,2.267407923936843872e-01
1.476094126701354980e-01,-1.359581649303436279e-01,2.554455399513244629e-01
-1.946410775184631348e+00,-2.082086563110351562e+00,-2.120661020278930664e+00
1.971133589744567871e+00,1.896928071975708008e+00,2.246289253234863281e+00
-3.255581378936767578e+00,-2.700257062911987305e+00,-2.979264259338378906e+00
7.955037057399749756e-02,-1.675042361021041870e-01,2.952350974082946777e-01
1.645168423652648926e+00,1.759204864501953125e+00,1.456874847412109375e+00
1.139401942491531372e-01,-7.382245361804962158e-02,-2.147640436887741089e-01
9.762901067733764648e-02,1.347268521785736084e-01,-2.052382230758666992e-01
-2.126949787139892578e+00,-1.583918571472167969e+00,-1.857213377952575684e+00
5.761624127626419067e-02,-2.289736270904541016e-01,-2.152215242385864258e-01
7.133764028549194336e-01,6.830286979675292969e-01,5.551981925964355469e-01
3.532213687896728516e+00,3.788234949111938477e+00,3.431116580963134766e+00
1.984290480613708496e+00,2.143289327621459961e+00,1.809320211410522461e+00
2.443296432495117188e+00,2.553238868713378906e+00,2.252259969711303711e+00
-6.417864561080932617e-01,-8.554386496543884277e-01,-7.185519337654113770e-01
-1.813922822475433350e-01,-3.950878083705902100e-01,-7.370408624410629272e-02
-3.605753183364868164e-03,4.812620580196380615e-01,3.657562732696533203e-01
2.136218398809432983e-01,1.901730597019195557e-01,4.851686954498291016e-01
-3.729732334613800049e-02,-3.246696889400482178e-01,-2.197547405958175659e-01
4.129334986209869385e-01,2.886891067028045654e-01,5.175885558128356934e-01
1.689985841512680054e-01,-1.449119150638580322e-01,-2.433110401034355164e-02
1.467381417751312256e-01,1.702510267496109009e-01,4.898175597190856934e-01
-3.961542844772338867e-01,5.593948811292648315e-02,-3.128924369812011719e-01
3.465378880500793457e-01,2.650349438190460205e-01,2.547019720077514648e-01
-1.200222969055175781e-01,3.079110682010650635e-01,-3.850486874580383301e-02
-1.791767179965972900e-01,1.957374960184097290e-01,-2.137803882360458374e-01
3.677280247211456299e-02,1.537534594535827637e-01,-2.314930409193038940e-01
-1.024537980556488037e-01,-3.126172348856925964e-02,3.989392518997192383e-01
3.051182746887207031e+00,3.303640604019165039e+00,2.952300071716308594e+00
-7.907153666019439697e-02,-1.535835862159729004e-01,-3.331696391105651855e-01
-4.982687830924987793e-01,-2.916181683540344238e-01,2.043340057134628296e-01
3.503922820091247559e-01,3.027121424674987793e-01,2.464720457792282104e-01
1.677055060863494873e-01,-1.479803025722503662e-01,-1.683645695447921753e-02
9.242395758628845215e-01,7.729946970939636230e-01,8.197763562202453613e-01
4.202520847320556641e-02,-1.638463139533996582e-02,-2.566725313663482666e-01
2.285137623548507690e-01,1.410698443651199341e-01,4.391491413116455078e-01
1.111926585435867310e-01,2.043577134609222412e-01,-1.655805110931396484e-01
2.489108562469482422e+00,2.382020473480224609e+00,2.709483385086059570e+00
-1.057714223861694336e+00,-1.030678510665893555e+00,-5.849320292472839355e-01
4.112254828214645386e-02,-2.278705239295959473e-01,-2.437702715396881104e-01
-1.061448216438293457e+00,-1.243373632431030273e+00,-8.711880445480346680e-01
5.025523900985717773e-01,6.464064121246337891e-01,4.045589566230773926e-01
1.966298371553421021e-02,4.898770153522491455e-02,4.317373037338256836e-01
-3.732230186462402344e+00,-3.336043119430541992e+00,-3.662530183792114258e+00
-2.024039328098297119e-01,-3.871912956237792969e-01,-2.666546031832695007e-02
-1.899613440036773682e-01,2.626996040344238281e-01,-1.357081830501556396e-01
6.600896716117858887e-01,7.580444216728210449e-01,5.097267627716064453e-01
1.657952219247817993e-01,-1.540161818265914917e-01,1.082525402307510376e-01
1.402076959609985352e+00,1.754022121429443359e+00,1.425080418586730957e+00
-1.748032331466674805e+00,-1.848741531372070312e+00,-1.929919958114624023e+00
-1.798747539520263672e+00,-1.707865118980407715e+00,-1.220793008804321289e+00
-7.768017053604125977e-02,-3.334791362285614014e-01,-6.384247541427612305e-02
-3.116015493869781494e-01,-5.125618577003479004e-01,-5.023374557495117188e-01
-2.449844479560852051e-01,-3.792999088764190674e-01,1.212026923894882202e-02
3.243025302886962891e+00,3.069279909133911133e+00,3.260748147964477539e+00
-3.103669881820678711e-01,-4.168752431869506836e-01,-3.275332599878311157e-02
-7.442791759967803955e-02,-3.232506811618804932e-01,-3.160278201103210449e-01
-2.996937036514282227e-01,-3.963671326637268066e-01,4.438675940036773682e-03
2.851479649543762207e-01,2.789431512355804443e-01,1.700435131788253784e-01
-7.935076951980590820e-03,-2.936881184577941895e-01,-7.085802406072616577e-02
-1.130219936370849609e+00,-1.351784944534301758e+00,-1.272776246070861816e+00
-1.970481872558593750e-02,-2.736187279224395752e-01,-2.860399484634399414e-01
2.903998851776123047e+00,3.017656326293945312e+00,2.711091518402099609e+00
2.666442394256591797e-01,9.261299669742584229e-02,3.351414203643798828e-01
1.769439578056335449e-01,2.854059636592864990e-01,-4.344524815678596497e-02
-1.718280792236328125e+00,-1.835254549980163574e+00,-1.428956031799316406e+00
-1.450762748718261719e-01,-2.409673035144805908e-01,2.569373846054077148e-01
1.329486519098281860e-01,-1.315757036209106445e-01,2.963078022003173828e-01
-2.100353837013244629e-01,-7.724318653345108032e-02,-3.627293109893798828e-01
-2.122063338756561279e-01,2.968895733356475830e-01,-3.245269134640693665e-02
4.738762974739074707e-03,5.209423899650573730e-01,4.251110553741455078e-01
2.281914949417114258e-01,1.348408162593841553e-01,1.364327222108840942e-02
-2.048968672752380371e-01,-5.680500715970993042e-02,-3.521120548248291016e-01
1.499709486961364746e+00,1.324586629867553711e+00,1.432639718055725098e+00
2.504335343837738037e-01,4.414578974246978760e-01,2.302089780569076538e-01
9.321007132530212402e-02,4.314880967140197754e-01,2.199209779500961304e-01
1.767869830131530762e+00,1.874325633049011230e+00,1.579453468322753906e+00
2.943201661109924316e-01,1.772004961967468262e-01,4.484636187553405762e-01
7.523773610591888428e-02,1.198832169175148010e-01,-2.197043597698211670e-01
-5.775856971740722656e-02,-3.377481997013092041e-01,-2.280941009521484375e-01
-2.471388280391693115e-01,1.466401666402816772e-01,-2.531287968158721924e-01
2.272904664278030396e-01,-1.987951062619686127e-02,1.944526880979537964e-01
-4.592411518096923828e-01,-6.342005133628845215e-01,-3.476764559745788574e-01
4.833526313304901123e-01,4.076297879219055176e-01,3.680437207221984863e-01
2.723937511444091797e+00,2.717773914337158203e+00,2.539172410964965820e+00
1.956239342689514160e-01,-1.024687290191650391e-01,2.326954901218414307e-02
7.268090546131134033e-02,-2.416689842939376831e-01,-1.959763839840888977e-02
1.480085700750350952e-01,-2.205384522676467896e-02,3.555400967597961426e-01
-1.790460228919982910e+00,-1.983266234397888184e+00,-1.726949453353881836e+00
4.302563190460205078e+00,4.582985401153564453e+00,4.215618133544921875e+00
2.224177569150924683e-01,4.899873584508895874e-02,-1.986496150493621826e-03
-3.165411353111267090e-01,-3.756395876407623291e-01,6.195735931396484375e-02
-4.477877616882324219e-01,-3.593038767576217651e-02,-3.845913410186767578e-01
4.751924574375152588e-01,4.600592255592346191e-01,3.533470630645751953e-01
2.398265898227691650e-02,3.125066757202148438e-01,-2.707414329051971436e-02
-6.796486377716064453e-01,-7.017086744308471680e-01,-3.052625060081481934e-01
-2.919740080833435059e-01,-2.520155310630798340e-01,-4.554771184921264648e-01
6.185483932495117188e-02,-2.395435124635696411e-01,7.043163478374481201e-02
1.853771656751632690e-01,1.685572229325771332e-02,3.697392940521240234e-01
2.235345840454101562e-01,2.401723563671112061e-01,2.051062881946563721e-02
-3.856160640716552734e-01,-2.203569263219833374e-01,2.854461073875427246e-01
8.514793962240219116e-02,4.002841711044311523e-01,1.560544669628143311e-01
1.210831031203269958e-01,2.536968588829040527e-01,-1.304145753383636475e-01
-1.114996075630187988e-01,7.355330511927604675e-03,4.158766865730285645e-01
-8.302310109138488770e-02,-3.534525632858276367e-01,-2.328125685453414917e-01
4.479208588600158691e-02,-2.611784636974334717e-01,-1.996461302042007446e-01
2.729870796203613281e+00,2.583685398101806641e+00,2.888061046600341797e+00
7.041567564010620117e-02,3.220358192920684814e-01,-4.198744893074035645e-03
-2.512152194976806641e-01,1.209475770592689514e-01,-2.694770693778991699e-01
3.496154248714447021e-01,2.778747379779815674e-01,2.458979934453964233e-01
-7.074381411075592041e-02,-3.322205245494842529e-01,-1.011512354016304016e-01
9.554851055145263672e-02,5.385556221008300781e-01,3.676931262016296387e-01
2.142309099435806274e-01,1.321665644645690918e-01,-2.296170964837074280e-02
2.621121704578399658e-01,1.396083533763885498e-01,1.332350373268127441e-01
5.982922017574310303e-02,-1.715361177921295166e-01,2.946112155914306641e-01
-5.878184735774993896e-02,2.726371288299560547e-01,-1.132043302059173584e-01
-2.020357847213745117e-01,-2.872301638126373291e-01,2.116384357213973999e-01
-4.069514274597167969e-01,3.650356829166412354e-02,-3.289999365806579590e-01
6.414486169815063477e-01,4.919616878032684326e-01,6.180324554443359375e-01
-7.157963514328002930e-02,-3.283417522907257080e-01,-4.310027137398719788e-02
2.176527500152587891e+00,2.084297180175781250e+00,2.416726589202880859e+00
-2.594509124755859375e-01,1.500245779752731323e-01,-2.525873184204101562e-01
2.051202952861785889e-01,-6.767466664314270020e-03,-4.526938870549201965e-02
1.152901947498321533e-01,-1.206429675221443176e-03,-2.163512259721755981e-01
4.764082431793212891e-01,4.580591917037963867e-01,7.754493355751037598e-01
-6.149031519889831543e-01,-5.207307338714599609e-01,-7.236830890178680420e-02
-5.297076702117919922e-01,-3.900885283946990967e-01,9.370866417884826660e-02
2.288834154605865479e-01,1.269666478037834167e-03,2.837025523185729980e-01
1.716851145029067993e-01,-8.198522031307220459e-02,2.840244174003601074e-01
-6.180462837219238281e-01,-7.783663272857666016e-01,-8.119394779205322266e-01
1.898343861103057861e-02,-2.922801114618778229e-02,3.815987706184387207e-01
-3.243910074234008789e-01,1.541689932346343994e-01,-2.529031038284301758e-01
1.518514752388000488e-01,-1.646167635917663574e-01,-6.815466284751892090e-02
2.646967172622680664e-01,4.394404888153076172e-01,2.267898172140121460e-01
-9.930319786071777344e-01,-1.182115197181701660e+00,-8.567161560058593750e-01
-1.489026546478271484e-01,3.619828522205352783e-01,1.489417850971221924e-01
-4.550434947013854980e-01,-6.472125053405761719e-01,-4.257782101631164551e-01
-7.758399844169616699e-01,-8.044865727424621582e-01,-9.493523836135864258e-01
1.478157490491867065e-01,1.305158138275146484e-01,4.560866355895996094e-01
-4.600542783737182617e-02,-3.158071637153625488e-01,-7.078260928392410278e-02
-8.687616884708404541e-02,-3.564042448997497559e-01,-2.486846894025802612e-01
-3.930516839027404785e-01,-2.675759196281433105e-01,2.506963014602661133e-01
-2.435060441493988037e-01,2.180329114198684692e-01,-2.083661109209060669e-01
-2.464181423187255859e+00,-2.657842159271240234e+00,-2.573898077011108398e+00
2.642455577850341797e+00,2.529567718505859375e+00,2.855773925781250000e+00
3.969513475894927979e-01,4.642470777034759521e-01,2.959188222885131836e-01
-1.086495518684387207e-01,-3.462859988212585449e-01,-3.107652068138122559e-03
5.975405871868133545e-02,-3.782270848751068115e-02,-2.493550330400466919e-01
-6.174256205558776855e-01,-8.379779458045959473e-01,-7.374092340469360352e-01
-5.882804393768310547e-01,-6.649508476257324219e-01,-7.692295312881469727e-01
1.206755489110946655e-01,-1.346615552902221680e-01,-1.981837451457977295e-01
-8.085958659648895264e-02,-3.465259671211242676e-01,-1.864917725324630737e-01
1.533160209655761719e-01,-1.173611208796501160e-01,-1.294752359390258789e-01
-3.762729644775390625e+00,-3.430533170700073242e+00,-3.759467601776123047e+00
9.812346845865249634e-02,3.142978250980377197e-02,4.054511189460754395e-01
-3.696124553680419922e+00,-3.766968250274658203e+00,-3.338666439056396484e+00
1.641844868659973145e+00,1.481169462203979492e+00,1.555001735687255859e+00
-8.752096891403198242e-01,-9.955034852027893066e-01,-6.221877336502075195e-01
1.274013161659240723e+00,1.114135742187500000e+00,1.183893084526062012e+00
6.305310726165771484e-01,5.150349140167236328e-01,8.141517639160156250e-01
-2.108646631240844727e-01,-5.732109397649765015e-02,-3.533694148063659668e-01
-4.206992387771606445e-01,1.275673955678939819e-01,-2.270312607288360596e-01
1.070289373397827148e+00,9.519788622856140137e-01,9.232086539268493652e-01
-1.932803988456726074e-01,3.310569226741790771e-01,8.385942876338958740e-02
9.049022197723388672e-02,-3.319370746612548828e-02,3.647081851959228516e-01
2.092100620269775391e+00,2.043937921524047852e+00,2.401579141616821289e+00
-4.555877685546875000e+00,-4.258790969848632812e+00,-4.579683303833007812e+00
-4.280900478363037109e+00,-4.444589614868164062e+00,-4.140993118286132812e+00
-1.526325643062591553e-01,-4.799490422010421753e-02,3.938503265380859375e-01
-4.118645191192626953e-02,2.255732268095016479e-01,-1.860455721616744995e-01
1.371856778860092163e-01,-1.783026009798049927e-01,1.565278768539428711e-01
1.484799981117248535e+00,1.308241128921508789e+00,1.528802156448364258e+00
8.668318390846252441e-02,3.445999622344970703e-01,4.179710894823074341e-02
1.388818025588989258e-02,-2.589841187000274658e-01,1.513229757547378540e-01
6.267483234405517578e-01,4.688426554203033447e-01,7.235056161880493164e-01
-9.928728640079498291e-02,-2.330371737480163574e-02,-3.201861977577209473e-01
2.427013963460922241e-02,-3.444552421569824219e-02,-2.671683430671691895e-01
-2.354908585548400879e-01,1.447339951992034912e-01,-2.527872920036315918e-01
1.790252625942230225e-01,-9.518813341856002808e-02,2.478332370519638062e-01
-1.711976826190948486e-01,-4.024372696876525879e-01,-2.165495157241821289e-01
-1.117655336856842041e-01,-2.654369771480560303e-01,-3.628747463226318359e-01
1.670211851596832275e-01,-8.829869329929351807e-02,2.841937541961669922e-01
2.750100493431091309e-01,3.583882451057434082e-01,1.657836884260177612e-01
4.800143241882324219e-01,4.971705973148345947e-01,3.591650724411010742e-01
2.543588638305664062e+00,2.450654745101928711e+00,2.369544982910156250e+00
2.658306062221527100e-01,9.407557547092437744e-02,3.569521307945251465e-01
1.717987358570098877e-01,-2.355839684605598450e-02,-1.473762094974517822e-01
-8.697096109390258789e-01,-4.226855039596557617e-01,-7.523196339607238770e-01
-7.676975429058074951e-02,2.334222197532653809e-01,-1.776619106531143188e-01
9.764868021011352539e-02,-2.222392559051513672e-01,3.157915174961090088e-02
8.452866971492767334e-02,-1.686086952686309814e-01,2.929889559745788574e-01
2.153478115797042847e-01,1.895645707845687866e-01,-1.218378543853759766e-02
-3.478886604309082031e+00,-3.555308580398559570e+00,-3.651605367660522461e+00
8.531758785247802734e-01,6.935843825340270996e-01,7.608171105384826660e-01
1.731002628803253174e-01,-1.417129188776016235e-01,5.757500231266021729e-02
-1.337166130542755127e-01,-9.360381960868835449e-02,-3.458101749420166016e-01
5.227188020944595337e-02,-2.101626396179199219e-01,-2.448665350675582886e-01
-5.242145061492919922e-01,-6.020334959030151367e-01,-7.069025039672851562e-01
1.625717282295227051e-01,4.997912347316741943e-01,3.133106827735900879e-01
-4.685558378696441650e-02,3.010534048080444336e-01,-5.646045506000518799e-02
-1.703789234161376953e-01,-3.824851810932159424e-01,-3.339414671063423157e-02
3.604869246482849121e-01,2.740840613842010498e-01,2.803776860237121582e-01
-8.197328448295593262e-02,9.760847687721252441e-02,4.414352178573608398e-01
-2.832370996475219727e-01,-4.846072494983673096e-01,-3.085315525531768799e-01
-4.158620834350585938e-01,1.359057612717151642e-02,-3.513895273208618164e-01
-2.521729171276092529e-01,-8.924276381731033325e-02,-3.772713541984558105e-01
-2.456727623939514160e-02,4.549089372158050537e-01,3.324009776115417480e-01
-1.204186320304870605e+00,-1.243183493614196777e+00,-8.249078392982482910e-01
3.233499825000762939e-02,-2.457547187805175781e-01,1.636867523193359375e-01
3.239528089761734009e-02,-2.959755435585975647e-02,-2.628652453422546387e-01
8.482331037521362305e-02,-2.099884003400802612e-01,-1.897952258586883545e-01
-4.137181639671325684e-01,-3.326264321804046631e-01,1.973793357610702515e-01
-1.601547002792358398e-03,-2.777272164821624756e-01,5.946946144104003906e-02
1.895275115966796875e-01,-8.332258462905883789e-02,-4.023616388440132141e-02
-5.291952490806579590e-01,-4.277998208999633789e-02,-3.866353034973144531e-01
9.440569579601287842e-02,-2.307337224483489990e-01,-1.083969101309776306e-01
2.235247611999511719e+00,2.092922687530517578e+00,2.406541347503662109e+00
1.627144962549209595e-01,-1.231578662991523743e-01,2.440495938062667847e-01
-1.638668775558471680e-01,3.140273094177246094e-01,-3.142023831605911255e-02
-7.183045148849487305e-03,-1.445110291242599487e-01,3.214353322982788086e-01
-4.423603415489196777e-02,-9.686762839555740356e-02,3.535804152488708496e-01
-3.010661900043487549e-02,-2.583576738834381104e-01,1.935860067605972290e-01
-3.370078206062316895e-01,2.403882443904876709e-01,-5.960454791784286499e-02
1.725709885358810425e-01,-1.282121390104293823e-01,1.995600014925003052e-01
7.342634350061416626e-02,2.622600793838500977e-01,-1.350324302911758423e-01
-2.703627943992614746e-01,-2.330328822135925293e-01,2.971919775009155273e-01
8.455296754837036133e-01,1.368806958198547363e+00,1.075232028961181641e+00
-6.400203704833984375e-01,-2.753008008003234863e-01,-5.983571410179138184e-01
-1.227422356605529785e+00,-1.281121134757995605e+00,-1.400089740753173828e+00
1.220474243164062500e+00,1.239128351211547852e+00,1.651389241218566895e+00
-2.196387350559234619e-01,-9.086161851882934570e-02,-3.732447624206542969e-01
3.326700925827026367e-01,2.582062184810638428e-01,5.154299139976501465e-01
-9.601738452911376953e-01,-1.170225143432617188e+00,-9.671699404716491699e-01
-1.998392701148986816e+00,-2.204141855239868164e+00,-2.027886152267456055e+00
1.000370144844055176e+00,8.230904936790466309e-01,1.045183539390563965e+00
-2.034656703472137451e-01,2.995015680789947510e-01,-3.432122990489006042e-02
-2.812299430370330811e-01,-2.840394079685211182e-01,2.432258576154708862e-01
1.935741007328033447e-01,1.039864271879196167e-01,4.241942167282104492e-01
1.944568604230880737e-01,2.440690100193023682e-01,-5.623558908700942993e-02
-6.443530321121215820e-03,-1.629015803337097168e-01,3.110903501510620117e-01
1.973258703947067261e-01,2.381784319877624512e-01,-5.158229172229766846e-02
3.060190081596374512e-01,1.664909124374389648e-01,3.074805736541748047e-01
-2.006177902221679688e+00,-1.819717645645141602e+00,-2.108464002609252930e+00
-5.008872747421264648e-01,-3.789074718952178955e-01,1.145759224891662598e-01
9.942518472671508789e-01,9.318455457687377930e-01,8.191593289375305176e-01
2.827754020690917969e-01,1.221041455864906311e-01,2.934510707855224609e-01
2.500607371330261230e-01,4.188942909240722656e-02,2.416838854551315308e-01
-3.082111477851867676e-02,-2.043415904045104980e-01,-3.128692805767059326e-01
-9.998482465744018555e-02,4.027129411697387695e-01,2.542458772659301758e-01
-2.345884144306182861e-01,-4.387285411357879639e-01,-1.873230636119842529e-01
2.005384117364883423e-01,-1.242698915302753448e-02,-6.646504998207092285e-02
7.250619530677795410e-01,5.673894882202148438e-01,7.841410636901855469e-01
3.077017664909362793e-01,1.656174212694168091e-01,2.824735641479492188e-01
-1.690483331680297852e+00,-1.881521701812744141e+00,-1.843067049980163574e+00
-5.416034162044525146e-02,3.525128066539764404e-01,5.662515759468078613e-02
2.163625210523605347e-01,4.300676286220550537e-01,2.155631333589553833e-01
1.534070074558258057e-01,-8.300550282001495361e-02,-1.628382205963134766e-01
-2.077248692512512207e-01,-7.043127715587615967e-02,-3.590935468673706055e-01
-1.083534359931945801e+00,-1.272603869438171387e+00,-9.382966756820678711e-01
-5.977223813533782959e-02,-1.895842403173446655e-01,-3.270562887191772461e-01
1.633106350898742676e+00,1.457338690757751465e+00,1.609344720840454102e+00
-1.391139149665832520e+00,-1.570104718208312988e+00,-1.233691573143005371e+00
4.048024415969848633e-01,3.375450670719146729e-01,2.954784631729125977e-01
2.577165365219116211e-01,1.741416901350021362e-01,1.015154123306274414e-01
-2.722503244876861572e-01,5.696301162242889404e-02,-3.089334666728973389e-01
1.033847332000732422e+00,8.946679830551147461e-01,9.134297370910644531e-01
2.988146841526031494e-01,1.661086678504943848e-01,3.858777880668640137e-01
-1.660066545009613037e-01,-2.755520939826965332e-01,2.172690778970718384e-01
1.648996829986572266e+00,1.569156408309936523e+00,1.928192138671875000e+00
7.204409688711166382e-02,-1.943077333271503448e-02,-2.413429468870162964e-01
-1.343844532966613770e-01,-6.891509890556335449e-02,3.828458786010742188e-01
6.551453471183776855e-02,-2.503015100955963135e-01,-6.678921729326248169e-02
-2.630005180835723877e-01,-5.747284740209579468e-02,-3.619348406791687012e-01
-4.341855049133300781e-01,-9.326461702585220337e-02,-4.108657836914062500e-01
-5.044303834438323975e-02,-3.230406045913696289e-01,-1.350142955780029297e-01
-4.636210203170776367e-02,4.325792193412780762e-01,2.828767299652099609e-01
1.135406419634819031e-01,4.705990850925445557e-01,2.917068600654602051e-01
1.006546735763549805e+00,9.759176969528198242e-01,1.347038388252258301e+00
1.273146867752075195e-01,3.849945366382598877e-01,1.239327639341354370e-01
-7.680758833885192871e-01,-8.730849623680114746e-01,-9.534338712692260742e-01
-1.370832622051239014e-01,3.034045994281768799e-01,-4.864561185240745544e-02
-2.485941350460052490e-01,2.014209181070327759e-01,-2.193367481231689453e-01
9.048449993133544922e-02,6.014938950538635254e-01,4.732788205146789551e-01
3.293421268463134766e+00,3.283152103424072266e+00,3.623818874359130859e+00
1.445094048976898193e-01,-1.899487078189849854e-01,6.007623672485351562e-02
-3.120264410972595215e-01,-1.824773401021957397e-01,-4.599362611770629883e-01
3.916162967681884766e+00,3.938366413116455078e+00,3.725381612777709961e+00
-2.742334902286529541e-01,-2.276909202337265015e-01,3.041435480117797852e-01
-1.588942706584930420e-01,-3.988415598869323730e-01,-2.430530339479446411e-01
-4.199776649475097656e-01,1.920110136270523071e-01,-9.887442737817764282e-02
-5.894991755485534668e-02,-3.382360637187957764e-01,-2.251443564891815186e-01
1.867402911186218262e+00,2.499199867248535156e+00,2.319480657577514648e+00
-5.835403501987457275e-02,-3.163591921329498291e-01,1.989461481571197510e-03
3.253551125526428223e-01,1.992073059082031250e-01,3.174589872360229492e-01
3.279380798339843750e+00,3.189758539199829102e+00,3.103894233703613281e+00
3.123186230659484863e-01,1.912086009979248047e-01,2.548877000808715820e-01
-1.019829362630844116e-01,-1.895304173231124878e-01,-3.499091267585754395e-01
-3.526635468006134033e-01,1.469030678272247314e-01,-2.447974532842636108e-01
-4.311390519142150879e-01,-3.063757121562957764e-01,2.126401513814926147e-01
2.125722318887710571e-01,1.616923958063125610e-01,-2.043382450938224792e-02
-2.971685230731964111e-01,-1.472736746072769165e-01,3.374813199043273926e-01
-7.668453454971313477e-02,2.644351720809936523e-01,-1.280232071876525879e-01
2.452210783958435059e-01,1.463712900876998901e-01,4.382609724998474121e-01
-1.251436710357666016e+00,-1.463663458824157715e+00,-1.289378762245178223e+00
6.372613906860351562e-01,4.917490780353546143e-01,6.669192910194396973e-01
2.624358236789703369e-02,-2.721901535987854004e-01,-5.504509806632995605e-02
1.181232810020446777e+00,1.032268047332763672e+00,1.075013041496276855e+00
9.128085374832153320e-01,1.050613403320312500e+00,7.442908287048339844e-01
2.136366665363311768e-01,-9.938988834619522095e-03,9.544856846332550049e-03
-2.441104650497436523e-01,3.416976928710937500e-01,2.911875247955322266e-01
-2.596315383911132812e+00,-2.233108043670654297e+00,-2.566100835800170898e+00
1.084495425224304199e+00,1.111332893371582031e+00,9.034942388534545898e-01
-2.022941589355468750e+00,-2.003532886505126953e+00,-2.184375047683715820e+00
-2.707753658294677734e+00,-2.664369344711303711e+00,-2.204940080642700195e+00
2.350422739982604980e-01,-2.558305859565734863e-04,1.998644024133682251e-01
1.030145406723022461e+00,1.042337298393249512e+00,8.502545356750488281e-01
-3.499413430690765381e-01,1.269031316041946411e-01,-2.650323212146759033e-01
-1.863430619239807129e+00,-2.033882617950439453e+00,-1.672738790512084961e+00
-3.041967451572418213e-01,-2.647764682769775391e-01,-4.647325277328491211e-01
3.212347030639648438e+00,3.131353139877319336e+00,3.030531406402587891e+00
-9.615416526794433594e-01,-1.183512806892395020e+00,-1.114199757575988770e+00
-2.868241965770721436e-01,-4.794618785381317139e-01,-2.490116357803344727e-01
-5.994388461112976074e-01,1.083209365606307983e-02,-3.174979984760284424e-01
-1.295732557773590088e-01,-3.825722336769104004e-01,-2.620419859886169434e-01
-6.491065025329589844e-02,-3.277164101600646973e-01,-8.530219644308090210e-02
3.504780292510986328e+00,3.719916105270385742e+00,4.096065521240234375e+00
-5.300914645195007324e-01,-5.656428337097167969e-01,-1.865287423133850098e-01
4.404922127723693848e-01,1.019112467765808105e+00,8.505011796951293945e-01
1.586662828922271729e-01,-9.491523355245590210e-02,2.947047948837280273e-01
-7.756791710853576660e-01,-6.537430286407470703e-01,-9.202626943588256836e-01
-2.437756359577178955e-01,-2.691451609134674072e-01,-4.342084527015686035e-01
-7.353219389915466309e-01,-4.405568838119506836e-01,-7.518804669380187988e-01
4.505637288093566895e-02,-1.687326878309249878e-01,-2.617539167404174805e-01
1.187922477722167969e+00,1.401235580444335938e+00,1.074580907821655273e+00
-2.490894794464111328e+00,-2.690544843673706055e+00,-2.525065898895263672e+00
1.359220296144485474e-01,3.181949853897094727e-01,-1.325335353612899780e-02
-2.406285762786865234e+00,-2.297812223434448242e+00,-2.552983760833740234e+00
-4.598405838012695312e+00,-4.416437625885009766e+00,-4.709266662597656250e+00
2.024344205856323242e-01,-1.247709617018699646e-02,3.298472166061401367e-01
2.172072231769561768e-01,2.105838507413864136e-01,-4.568748176097869873e-03
1.915254592895507812e-01,5.724171996116638184e-01,3.727591633796691895e-01
1.387216567993164062e+00,1.210708975791931152e+00,1.408156871795654297e+00
1.124645024538040161e-01,-3.285725787281990051e-02,-2.174117267131805420e-01
5.094669759273529053e-02,3.673269450664520264e-01,8.906035125255584717e-02
3.596727371215820312e+00,3.725991964340209961e+00,3.400378942489624023e+00
3.508912026882171631e-01,4.233022332191467285e-01,2.566333413124084473e-01
1.969658374786376953e+00,1.802347779273986816e+00,2.104173660278320312e+00
-9.791442751884460449e-02,3.110142648220062256e-01,-3.411488607525825500e-02
-1.775637567043304443e-01,-3.312211632728576660e-01,9.148935973644256592e-02
-3.110975027084350586e-01,-5.117783546447753906e-01,-5.025095343589782715e-01
1.460637927055358887e+00,1.326611876487731934e+00,1.335232853889465332e+00
1.982530713081359863e+00,1.960646629333496094e+00,1.801386713981628418e+00
2.497444152832031250e-01,2.954078316688537598e-01,1.066446453332901001e-01
7.571786642074584961e-03,-1.481309812515974045e-02,-2.716809809207916260e-01
-1.548678874969482422e-01,-3.958484530448913574e-01,-2.377915829420089722e-01
4.182965308427810669e-02,6.131562590599060059e-02,-2.451194226741790771e-01
-5.440072715282440186e-02,2.752402424812316895e-01,-1.083980724215507507e-01
3.271575450897216797e+00,3.118015766143798828e+00,3.410321474075317383e+00
-3.398054122924804688e+00,-3.236729383468627930e+00,-3.521293401718139648e+00
-3.089035153388977051e-01,-2.829282283782958984e-01,2.516432404518127441e-01
-1.198590099811553955e-01,1.359775960445404053e-01,-2.494220435619354248e-01
-2.893000841140747070e-01,-4.952142238616943359e-01,-4.713544249534606934e-01
8.039134144783020020e-01,1.106650471687316895e+00,8.147397041320800781e-01
-1.420674324035644531e+00,-1.613015294075012207e+00,-1.341829538345336914e+00
-5.792537331581115723e-01,-6.324418187141418457e-01,-2.600704729557037354e-01
-4.616720676422119141e+00,-4.309342384338378906e+00,-4.633203983306884766e+00
1.851615905761718750e-01,2.618336975574493408e-01,-5.452793836593627930e-02
-1.415254831314086914e+00,-8.783074021339416504e-01,-1.187201619148254395e+00
-8.663472533226013184e-02,2.471753656864166260e-01,-1.614071726799011230e-01
4.340167999267578125e+00,4.302254676818847656e+00,4.151643276214599609e+00
-1.620542764663696289e+00,-1.816468000411987305e+00,-1.569319486618041992e+00
1.084850549697875977e+00,1.163940787315368652e+00,1.597589492797851562e+00
-2.376210093498229980e-01,-4.528909027576446533e-01,-4.142702817916870117e-01
-7.757675647735595703e-02,3.519890308380126953e-01,5.410717427730560303e-02
-5.791105270385742188e+00,-5.773969650268554688e+00,-5.960449218750000000e+00
8.445794582366943359e-01,7.071435451507568359e-01,7.214173078536987305e-01
3.992784023284912109e+00,4.367085933685302734e+00,4.001837730407714844e+00
9.396324306726455688e-02,1.447736620903015137e-01,-2.049484848976135254e-01
1.956277370452880859e+00,1.929367303848266602e+00,1.775541186332702637e+00
1.367139667272567749e-01,6.733154505491256714e-02,4.173187613487243652e-01
-3.286656141281127930e-01,3.679274022579193115e-02,-3.277259469032287598e-01
2.311873286962509155e-01,4.985401928424835205e-01,2.987379431724548340e-01
2.549393177032470703e-01,3.933693766593933105e-01,1.623061895370483398e-01
-2.628539204597473145e-01,-4.403991699218750000e-01,-1.062535494565963745e-01
7.894754409790039062e-03,4.461142122745513916e-01,2.514560818672180176e-01
4.973213195800781250e+00,4.877746105194091797e+00,4.812764167785644531e+00
-1.819041967391967773e-01,3.056106865406036377e-01,-4.034091159701347351e-02
-1.455228090286254883e+00,-1.553310155868530273e+00,-1.634761452674865723e+00
3.964618206024169922e+00,4.002749919891357422e+00,3.772666931152343750e+00
3.790494799613952637e-02,2.857770323753356934e-01,-8.522510528564453125e-02
-6.611983478069305420e-02,4.437271654605865479e-01,3.624565005302429199e-01
-1.441228091716766357e-01,-3.201461732387542725e-01,1.004684120416641235e-01
-1.989438414573669434e+00,-1.960085511207580566e+00,-1.496427297592163086e+00
8.340740203857421875e-02,-2.346245497465133667e-01,-1.146934181451797485e-02
-7.492859661579132080e-02,-1.006776615977287292e-01,-3.207349777221679688e-01
-3.823001682758331299e-02,-2.792124152183532715e-01,1.518990546464920044e-01
2.228293418884277344e+00,2.340229749679565430e+00,2.037896156311035156e+00
-1.748591899871826172e+00,-1.718474388122558594e+00,-1.249697685241699219e+00
-2.643524110317230225e-02,3.836001157760620117e-01,1.238316446542739868e-01
4.414254426956176758e-02,-1.244745403528213501e-01,3.247764110565185547e-01
7.066924870014190674e-02,-1.238481774926185608e-01,3.210899233818054199e-01
2.731811046600341797e+00,2.556864023208618164e+00,2.802616119384765625e+00
3.034735918045043945e-01,1.557135730981826782e-01,2.611679434776306152e-01
-1.415091753005981445e-01,-2.594853639602661133e-01,2.352506071329116821e-01
2.494465708732604980e-01,2.567297518253326416e-01,9.563325345516204834e-02
-2.417844235897064209e-01,-4.213829040527343750e-01,-7.753289490938186646e-02
5.169501155614852905e-02,-2.372194230556488037e-01,1.397405415773391724e-01
-2.042029201984405518e-01,1.079838499426841736e-01,-2.714911699295043945e-01
2.700030326843261719e+00,2.617707014083862305e+00,2.520223617553710938e+00
-1.642600297927856445e-01,3.091331422328948975e-01,-4.255209118127822876e-02
8.515574336051940918e-01,7.254370450973510742e-01,7.145230770111083984e-01
-1.843478202819824219e+00,-1.372723221778869629e+00,-1.684745788574218750e+00
-3.529303669929504395e-01,2.040836364030838013e-01,-1.816382110118865967e-01
-1.654937744140625000e+00,-1.261365056037902832e+00,-1.598377466201782227e+00
8.931940048933029175e-02,-2.098771631717681885e-01,1.674386113882064819e-01
-3.186620771884918213e-01,-1.029888987541198730e-01,3.412684798240661621e-01
-5.222166776657104492e-01,-3.478294610977172852e-01,1.541041582822799683e-01
-1.566120386123657227e-01,-3.922757804393768311e-01,-3.591253757476806641e-01
-1.737964272499084473e+00,-1.939763903617858887e+00,-1.875821709632873535e+00
-3.701180219650268555e-01,-2.749713361263275146e-01,2.520650625228881836e-01
-1.026289165019989014e-02,-2.144349813461303711e-01,-2.987999916076660156e-01
-4.669527411460876465e-01,-4.629385173320770264e-01,-4.470270872116088867e-02
3.467224836349487305e-01,2.726917862892150879e-01,2.431071251630783081e-01
-5.300492048263549805e-02,-2.022769302129745483e-03,-2.966018021106719971e-01
1.439805775880813599e-01,-1.810354590415954590e-01,1.056754887104034424e-01
3.645692467689514160e-01,3.718936145305633545e-01,2.631914019584655762e-01
7.266438603401184082e-01,6.125444769859313965e-01,9.232992529869079590e-01
-1.483818888664245605e-02,3.196926712989807129e-01,5.657982230186462402e-01
1.904491633176803589e-01,-9.737787395715713501e-02,2.179151326417922974e-01
1.341553688049316406e+00,1.789444565773010254e+00,1.461855173110961914e+00
2.982516884803771973e-01,1.621866375207901001e-01,3.649359345436096191e-01
-2.026201486587524414e-01,2.536838352680206299e-01,-1.551600396633148193e-01
-9.687659144401550293e-02,-3.390811979770660400e-01,2.091154456138610840e-04
-8.416682481765747070e-03,-2.155270725488662720e-01,-2.970059514045715332e-01
-4.212848842144012451e-02,-2.880031466484069824e-01,1.321415305137634277e-01
2.271516621112823486e-01,5.380342602729797363e-01,3.358579277992248535e-01
1.099107027053833008e+00,9.285784959793090820e-01,1.023156762123107910e+00
4.620788246393203735e-02,2.365154027938842773e-01,-1.739651709794998169e-01
-2.602597773075103760e-01,-1.106064915657043457e-01,-3.959502577781677246e-01
7.946288585662841797e-01,7.126088142395019531e-01,6.307396292686462402e-01
-7.573975324630737305e-01,-8.850173354148864746e-01,-9.470188617706298828e-01
3.959089219570159912e-01,5.825562477111816406e-01,3.669219017028808594e-01
-2.624262332916259766e+00,-2.094143152236938477e+00,-2.383974313735961914e+00
1.241341590881347656e+00,1.064755558967590332e+00,1.246142387390136719e+00
-1.252347528934478760e-01,-3.799999952316284180e-01,-2.690734267234802246e-01
-1.355173885822296143e-01,2.602203190326690674e-01,-1.317001730203628540e-01
2.129998356103897095e-01,-4.467879422008991241e-03,-4.749745130538940430e-05
-1.795640468597412109e+00,-1.419502258300781250e+00,-1.753036260604858398e+00
-3.571450114250183105e-01,-4.886841773986816406e-01,-5.542120337486267090e-01
4.373316764831542969e+00,4.432466983795166016e+00,4.178596496582031250e+00
1.697450131177902222e-01,3.931966423988342285e-02,3.891056180000305176e-01
-1.276693940162658691e-01,-5.058205127716064453e-02,3.920249938964843750e-01
1.913852810859680176e+00,1.738330721855163574e+00,1.910063982009887695e+00
-3.962240219116210938e-01,-5.312950015068054199e-01,-2.020339965820312500e-01
2.825456619262695312e+00,2.656374692916870117e+00,2.757485389709472656e+00
3.194953799247741699e-01,2.888752520084381104e-01,5.667182207107543945e-01
2.240145057439804077e-01,4.185745418071746826e-01,1.989301294088363647e-01
1.791423857212066650e-01,3.574858605861663818e-01,6.998942792415618896e-02
-6.330551207065582275e-02,-1.609085500240325928e-01,-3.260728418827056885e-01
-9.693794250488281250e-01,-8.136080503463745117e-01,-3.386382460594177246e-01
-1.237972974777221680e-01,-3.794562220573425293e-01,-3.012504875659942627e-01
1.282100230455398560e-01,4.331167042255401611e-01,2.226338833570480347e-01
-2.344225049018859863e-01,3.061963617801666260e-01,3.960804641246795654e-02
3.097311496734619141e+00,3.178088903427124023e+00,3.560982704162597656e+00
-1.510018408298492432e-01,-3.949170410633087158e-01,-2.527435421943664551e-01
-4.207185506820678711e-01,1.829470247030258179e-01,1.645391136407852173e-01
-5.684215426445007324e-01,7.973847538232803345e-02,-2.408712506294250488e-01
-1.140246391296386719e-01,-9.051521867513656616e-02,3.677306175231933594e-01
2.907953262329101562e-01,1.396052986383438110e-01,2.917845249176025391e-01
-7.333993911743164062e-02,-1.174754723906517029e-01,-3.231575191020965576e-01
-1.804591417312622070e-01,-1.659689694643020630e-01,-3.819588422775268555e-01
1.804967522621154785e-01,-4.163483902812004089e-02,3.315504193305969238e-01
2.282921314239501953e+00,2.332854032516479492e+00,2.096212625503540039e+00
1.040860056877136230e+00,1.192535638809204102e+00,8.731183409690856934e-01
-4.371568560600280762e-03,2.545143365859985352e-01,-1.534037292003631592e-01
3.444899320602416992e-01,2.913300096988677979e-01,2.389733642339706421e-01
-3.050828576087951660e-01,-5.039688348770141602e-01,-3.348640799522399902e-01
5.389481782913208008e-03,1.118361130356788635e-01,-2.528451979160308838e-01
2.606886327266693115e-01,2.107904702425003052e-01,1.142188459634780884e-01
-3.471385538578033447e-01,-3.050899133086204529e-03,-3.497080802917480469e-01
-6.526942253112792969e-01,-4.351189434528350830e-01,-7.283075451850891113e-01
-1.768551707267761230e+00,-1.870152235031127930e+00,-1.457711935043334961e+00
2.915396392345428467e-01,1.365438699722290039e-01,2.621195316314697266e-01
6.724529266357421875e-01,5.169111490249633789e-01,7.356033921241760254e-01
1.952625364065170288e-01,1.962321549654006958e-01,-6.367063522338867188e-02
-1.530292928218841553e-01,-3.932052850723266602e-01,-2.257660031318664551e-01
1.047818183898925781e+00,9.831240773200988770e-01,8.726785778999328613e-01
2.951070666313171387e-03,-2.979898750782012939e-01,-1.913797259330749512e-01
4.894850403070449829e-02,-2.671389877796173096e-01,-1.619231104850769043e-01
1.952281743288040161e-01,6.940303742885589600e-02,-8.641136437654495239e-02
1.009818986058235168e-01,-1.542194038629531860e-01,-2.153767049312591553e-01
1.197059899568557739e-01,-2.060725539922714233e-01,-1.042495742440223694e-01
1.629854142665863037e-01,6.436280608177185059e-01,4.622254967689514160e-01
2.043245315551757812e+00,1.884590864181518555e+00,2.190757989883422852e+00
2.833197712898254395e-01,1.532777845859527588e-01,2.017301470041275024e-01
3.628665208816528320e-01,5.398706793785095215e-01,3.332810997962951660e-01
-1.400931477546691895e-01,-3.839044570922851562e-01,-2.116459757089614868e-01
-1.381876468658447266e+00,-1.266391515731811523e+00,-1.526025295257568359e+00
1.906835883855819702e-01,5.304963141679763794e-02,-1.001023352146148682e-01
1.277902841567993164e+00,1.807191729545593262e+00,1.494709849357604980e+00
-1.112909615039825439e-01,-3.714462518692016602e-01,-2.639480531215667725e-01
9.583495557308197021e-02,-1.590080559253692627e-01,-2.191910594701766968e-01
1.752453595399856567e-01,3.299669921398162842e-01,1.308865845203399658e-02
6.409194320440292358e-02,9.564857184886932373e-02,4.576155543327331543e-01
1.063789054751396179e-01,3.608113527297973633e-01,7.469956576824188232e-02
2.342335283756256104e-01,9.231839329004287720e-03,1.100981235504150391e-01
1.065737366676330566e+00,8.891772627830505371e-01,1.036825895309448242e+00
-2.358796298503875732e-01,-1.818237006664276123e-01,3.380919694900512695e-01
3.488378226757049561e-01,2.698861360549926758e-01,2.547658085823059082e-01
7.133923172950744629e-01,6.627090573310852051e-01,9.938018918037414551e-01
3.400854468345642090e-01,4.874764382839202881e-01,2.777345180511474609e-01
-1.389174461364746094e-01,-2.928833961486816406e-01,1.649261564016342163e-01
5.911012738943099976e-02,-2.602362930774688721e-01,-1.472303271293640137e-01
6.884542703628540039e-01,5.941036939620971680e-01,9.073433279991149902e-01
2.327522933483123779e-01,1.106134131550788879e-01,2.440301328897476196e-02
-3.697010874748229980e-02,-2.248840928077697754e-01,2.535409331321716309e-01
-6.744393706321716309e-02,-1.422600746154785156e-01,3.318541646003723145e-01
1.582958549261093140e-01,2.413658499717712402e-01,-1.033185571432113647e-01
-3.729129433631896973e-01,-4.495392441749572754e-01,-6.848501414060592651e-02
8.268983662128448486e-02,-1.763934791088104248e-01,2.845395207405090332e-01
1.656247675418853760e-02,-2.801581025123596191e-01,-7.950673252344131470e-02
-3.713405609130859375e+00,-3.861499071121215820e+00,-3.459831476211547852e+00
-1.887958347797393799e-01,-1.084716171026229858e-01,-3.739826083183288574e-01
-2.118611812591552734e+00,-2.002006530761718750e+00,-2.263395071029663086e+00
7.443387508392333984e-01,6.980479955673217773e-01,1.034150004386901855e+00
-1.269337236881256104e-01,-3.648904561996459961e-01,-1.069380417466163635e-01
2.143307775259017944e-01,5.532866716384887695e-02,3.861792683601379395e-01
-1.087612271308898926e+00,-6.353862881660461426e-01,-9.602565169334411621e-01
1.758752316236495972e-01,-2.830373868346214294e-02,-1.381245106458663940e-01
-1.009747236967086792e-01,-3.179497122764587402e-01,8.590433001518249512e-02
-3.513164818286895752e-02,-9.996716678142547607e-02,3.504709005355834961e-01
2.500548064708709717e-01,4.021349549293518066e-02,2.305759042501449585e-01
-1.714986264705657959e-01,-3.556249737739562988e-01,2.819691598415374756e-02
1.909525990486145020e+00,2.002629995346069336e+00,2.435673236846923828e+00
1.424619853496551514e-01,4.840415716171264648e-02,-1.870930194854736328e-01
-1.205621957778930664e-01,1.282632648944854736e-01,4.378499388694763184e-01
-1.838366985321044922e+00,-1.934520006179809570e+00,-1.520353436470031738e+00
1.560085266828536987e-01,-1.193620488047599792e-01,2.678477764129638672e-01
-4.255300998687744141e+00,-3.978279113769531250e+00,-4.292829513549804688e+00
-8.303554356098175049e-02,-3.543781936168670654e-01,-2.792025208473205566e-01
2.076165527105331421e-01,3.210107684135437012e-01,3.302264213562011719e-02
-4.636900126934051514e-02,2.650617957115173340e-01,-1.291879862546920776e-01
-5.924369096755981445e-01,-9.656883031129837036e-02,-4.408902525901794434e-01
-1.303032636642456055e-01,-3.502548635005950928e-01,2.023385465145111084e-02
2.909984886646270752e-01,3.615109920501708984e-01,1.876105815172195435e-01
1.142773866653442383e+00,9.657942652702331543e-01,1.176910161972045898e+00
2.837643623352050781e-01,1.219828501343727112e-01,2.780058979988098145e-01
-2.112133502960205078e+00,-1.578184008598327637e+00,-1.852672696113586426e+00
1.056350469589233398e-01,-2.064589411020278931e-01,1.212011277675628662e-01
2.944049835205078125e-01,1.608444154262542725e-01,2.278614491224288940e-01
-2.415848970413208008e-01,-4.566664397716522217e-01,-3.485611081123352051e-01
5.447059869766235352e-03,-1.499357819557189941e-01,-2.877330183982849121e-01
4.219113826751708984e+00,4.296782493591308594e+00,4.023782730102539062e+00
-4.428926110267639160e-01,-5.198739171028137207e-01,-1.602929830551147461e-01
2.887028157711029053e-01,1.419760584831237793e-01,2.269723862409591675e-01
-4.635955095291137695e-01,-4.501226544380187988e-01,-2.224953100085258484e-02
-8.187050819396972656e-01,-3.783431053161621094e-01,-7.085207104682922363e-01
-5.492991805076599121e-01,-1.063824594020843506e-01,-4.484940767288208008e-01
8.931843936443328857e-02,1.757163554430007935e-01,-1.994866728782653809e-01
-6.610357761383056641e-02,-1.522959172725677490e-01,3.260663151741027832e-01
1.684186935424804688e+00,1.563187956809997559e+00,1.900368690490722656e+00
-1.604333758354187012e+00,-1.433690547943115234e+00,-1.717362403869628906e+00
2.522641420364379883e-01,3.655313849449157715e-01,1.393233835697174072e-01
-2.536631226539611816e-01,-1.169423982501029968e-01,3.544855713844299316e-01
-7.176186144351959229e-02,-2.937259078025817871e-01,-3.339154720306396484e-01
-9.373039007186889648e-01,-4.322504997253417969e-01,-7.679610848426818848e-01
-1.673400104045867920e-01,1.019402593374252319e-01,-2.701686620712280273e-01
3.064493834972381592e-02,-1.607584655284881592e-01,3.066411018371582031e-01
2.094980925321578979e-01,3.156570717692375183e-03,-2.921958640217781067e-02
-2.906831800937652588e-01,1.394655257463455200e-01,-2.628110051155090332e-01
1.688217967748641968e-01,-6.723908334970474243e-02,-1.394766867160797119e-01
1.512276381254196167e-01,-1.642425954341888428e-01,1.457616835832595825e-01
-2.831021249294281006e-01,-4.271848797798156738e-01,-6.829002499580383301e-02
4.501971602439880371e-01,3.307712078094482422e-01,4.145733714103698730e-01
2.295857906341552734e+00,2.544983148574829102e+00,2.202939033508300781e+00
-1.934764683246612549e-01,2.021340131759643555e-01,-2.116832733154296875e-01
3.689757347106933594e+00,4.068254947662353516e+00,3.707288742065429688e+00
-1.311381757259368896e-01,-3.814452290534973145e-01,-2.320452332496643066e-01
6.132519990205764771e-02,3.206393122673034668e-01,-6.961658596992492676e-03
-1.426324725151062012e+00,-1.641845822334289551e+00,-1.555646061897277832e+00
1.100630015134811401e-01,-1.887732148170471191e-01,2.243271619081497192e-01
3.117369413375854492e-01,3.093709945678710938e-01,2.095469981431961060e-01
-1.175717830657958984e+00,-1.389003038406372070e+00,-1.217787623405456543e+00
-4.541832804679870605e-01,-6.285344958305358887e-01,-3.417294621467590332e-01
-5.575066804885864258e-02,-2.073137313127517700e-01,-3.266695737838745117e-01
7.228473573923110962e-02,-2.395179271697998047e-01,5.749709904193878174e-03
3.690955638885498047e+00,3.719676733016967773e+00,4.065698146820068359e+00
-1.091704607009887695e+00,-6.245340108871459961e-01,-9.476786255836486816e-01
1.169215559959411621e+00,1.007113218307495117e+00,1.343779683113098145e+00
-2.208553552627563477e-01,2.518640458583831787e-01,-1.618759781122207642e-01
-2.261936664581298828e-01,1.292988359928131104e-01,-2.611458897590637207e-01
-1.209247708320617676e-01,3.367388844490051270e-01,1.782252639532089233e-02
-4.899123311042785645e-02,-2.446678280830383301e-01,-3.251110911369323730e-01
-1.686970293521881104e-01,-2.900725007057189941e-01,1.873065978288650513e-01
1.872824668884277344e+00,2.212233781814575195e+00,1.876607775688171387e+00
1.317632049322128296e-01,7.870551943778991699e-02,4.262345433235168457e-01
2.897408902645111084e-01,1.449292451143264771e-01,3.428589701652526855e-01
7.891985774040222168e-01,6.267666816711425781e-01,8.602411746978759766e-01
1.412902027368545532e-01,3.480193018913269043e-02,-1.905413269996643066e-01
-2.641311883926391602e-01,-6.552984565496444702e-02,-3.659572005271911621e-01
2.393507361412048340e-01,4.088817536830902100e-02,1.060299724340438843e-01
-4.134813308715820312e+00,-4.187766075134277344e+00,-3.753846168518066406e+00
6.120121479034423828e-02,-2.558069527149200439e-01,-1.616178452968597412e-01
-1.474289596080780029e-02,1.715634018182754517e-01,4.826799631118774414e-01
-4.192112088203430176e-01,-5.000790953636169434e-01,-1.383181959390640259e-01
1.583590805530548096e-01,-1.101167649030685425e-01,2.765665054321289062e-01
-4.102818965911865234e+00,-3.874237537384033203e+00,-3.436824321746826172e+00
-2.660690784454345703e+00,-2.792620897293090820e+00,-2.830214500427246094e+00
2.472335696220397949e-01,2.976009547710418701e-01,1.003666371107101440e-01
4.356548190116882324e-02,5.224526524543762207e-01,3.859618902206420898e-01
4.595995694398880005e-02,2.916480898857116699e-01,-7.180575281381607056e-02
-4.512999653816223145e-01,-4.435751438140869141e-01,-1.561309397220611572e-02
2.494323700666427612e-01,2.326208353042602539e-01,8.923770487308502197e-02
-5.193779468536376953e+00,-5.109554290771484375e+00,-5.356599330902099609e+00
1.229457780718803406e-01,-9.729291498661041260e-02,-2.030100226402282715e-01
-1.164899170398712158e-01,-2.033596932888031006e-01,2.938170433044433594e-01
-1.851226985454559326e-01,2.151199132204055786e-01,-2.025346755981445312e-01
1.156306266784667969e-01,-2.004994153976440430e-01,1.195556670427322388e-01
1.650482416152954102e-01,1.316135376691818237e-01,-1.381845772266387939e-01
2.422712802886962891e+00,2.507364749908447266e+00,2.233332633972167969e+00
1.652382493019104004e+00,1.980679154396057129e+00,1.648094892501831055e+00
-6.845691800117492676e-02,-3.451713621616363525e-01,-2.483317106962203979e-01
7.838322520256042480e-01,1.303017616271972656e+00,1.009633421897888184e+00
4.538925737142562866e-02,5.001486539840698242e-01,3.455412983894348145e-01
2.753092348575592041e-02,-2.620247900485992432e-01,-2.290486544370651245e-01
3.920292854309082031e-01,3.043941259384155273e-01,3.120379447937011719e-01
-1.260086894035339355e-03,-2.939702570438385010e-01,-1.234470829367637634e-01
-5.009587407112121582e-01,-2.653717696666717529e-01,-5.578440427780151367e-01
2.315217405557632446e-01,4.127810895442962646e-02,5.970478057861328125e-02
-4.728605270385742188e+00,-4.883950233459472656e+00,-4.559416294097900391e+00
-8.022773265838623047e-02,-3.527035415172576904e-01,-2.827953100204467773e-01
-2.573690116405487061e-01,-4.563543796539306641e-01,-4.596875309944152832e-01
1.525824069976806641e-01,6.199761480093002319e-02,-1.695939302444458008e-01
-3.416166901588439941e-01,-3.672106862068176270e-01,9.694153070449829102e-02
-5.758142471313476562e-02,4.545786231756210327e-02,-2.916779518127441406e-01
-2.806191444396972656e-01,2.253936380147933960e-01,-2.076659649610519409e-01
3.164173066616058350e-01,2.538845539093017578e-01,2.052679508924484253e-01
8.968591690063476562e-01,8.000068664550781250e-01,7.274200916290283203e-01
-1.705601453781127930e+00,-1.864115715026855469e+00,-1.875170707702636719e+00
1.727620363235473633e-01,5.749251246452331543e-01,3.797686100006103516e-01
-2.691074848175048828e+00,-2.711110830307006836e+00,-2.862183809280395508e+00
-3.772702813148498535e-02,-1.657541990280151367e-01,-3.127109110355377197e-01
2.220856189727783203e+00,2.296795129776000977e+00,2.032739639282226562e+00
-2.726503014564514160e-01,-1.571869552135467529e-01,-4.334902167320251465e-01
-1.654455542564392090e+00,-1.448105454444885254e+00,-1.740495324134826660e+00
-1.905478537082672119e-02,-2.822007536888122559e-01,1.205794513225555420e-01
-2.085397541522979736e-01,3.592487871646881104e-01,2.253787070512771606e-01
2.331936210393905640e-01,6.381621956825256348e-01,4.236150979995727539e-01
1.121165871620178223e+00,1.401077032089233398e+00,1.076641321182250977e+00
2.081218659877777100e-01,-6.845287233591079712e-02,1.229394972324371338e-01
6.199454069137573242e-01,5.680552124977111816e-01,8.881741762161254883e-01
-4.333447813987731934e-01,-1.711696833372116089e-01,2.988652586936950684e-01
1.688341200351715088e-01,-6.669905781745910645e-02,-1.396538615226745605e-01
-1.100230813026428223e-01,3.113657534122467041e-01,-3.245808184146881104e-02
-3.722261428833007812e+00,-3.551592826843261719e+00,-3.838555097579956055e+00
2.156457901000976562e+00,1.999132275581359863e+00,2.304553747177124023e+00
-3.271884024143218994e-01,1.851494908332824707e-01,-2.223084419965744019e-01
2.231394648551940918e-01,2.180374599993228912e-02,3.151630610227584839e-02
-3.196268677711486816e-01,5.672682076692581177e-02,-3.165923953056335449e-01
1.623649716377258301e+00,1.447961330413818359e+00,1.588910698890686035e+00
3.023701190948486328e+00,3.022621154785156250e+00,2.837552070617675781e+00
-1.829267024993896484e+00,-1.984508752822875977e+00,-1.593010902404785156e+00
2.202771902084350586e-01,2.358568273484706879e-02,1.281537115573883057e-02
-1.368603825569152832e+00,-1.545871257781982422e+00,-1.196963906288146973e+00
-2.415739595890045166e-01,-4.513916373252868652e-01,-2.633229494094848633e-01
1.718167960643768311e-01,-5.478077568113803864e-03,3.592209219932556152e-01
2.658978402614593506e-01,3.497369587421417236e-01,1.515244543552398682e-01
4.399989545345306396e-02,-1.720924377441406250e-01,-2.619315087795257568e-01
-3.304286599159240723e-01,-3.095783889293670654e-01,-4.935343265533447266e-01
-1.026281356811523438e+00,-1.235945224761962891e+00,-1.033980250358581543e+00
3.523346781730651855e-02,-2.206078171730041504e-01,-2.589545845985412598e-01
-3.260627686977386475e-01,-2.784471809864044189e-01,2.610843181610107422e-01
-6.160162389278411865e-02,1.115230843424797058e-01,-2.634313106536865234e-01
-5.362744927406311035e-01,-4.465939104557037354e-01,1.044292002916336060e-02
-2.948387145996093750e+00,-3.114881038665771484e+00,-2.771806240081787109e+00
1.087636351585388184e+00,1.305631756782531738e+00,9.826690554618835449e-01
2.602687776088714600e-01,1.336974501609802246e-01,1.287885010242462158e-01
-1.092883944511413574e+00,-1.280773162841796875e+00,-9.382762908935546875e-01
4.255534410476684570e-01,3.169875442981719971e-01,3.754823207855224609e-01
-9.622526168823242188e-02,-2.752299010753631592e-01,-3.538416028022766113e-01
1.897580176591873169e-02,-2.477633655071258545e-01,-2.560901343822479248e-01
4.334095120429992676e-01,4.366388022899627686e-01,3.213683962821960449e-01
1.541227579116821289e+00,1.524061560630798340e+00,1.361357331275939941e+00
1.857481598854064941e-01,1.640848368406295776e-01,-8.981369435787200928e-02
2.061955928802490234e-01,4.241518676280975342e-01,2.071479707956314087e-01
2.859085202217102051e-01,3.527531027793884277e-01,1.788768917322158813e-01
2.435477733612060547e+00,2.260879039764404297e+00,2.413337469100952148e+00
1.168074369430541992e+00,1.169912099838256836e+00,9.883415102958679199e-01
-3.057143986225128174e-01,-1.461318582296371460e-01,-4.308533072471618652e-01
-4.555606842041015625e-01,-4.197325110435485840e-01,3.622887283563613892e-02
-1.177525222301483154e-01,3.712713718414306641e-01,1.450550407171249390e-01
-1.787515759468078613e+00,-1.992810487747192383e+00,-1.800803184509277344e+00
-4.283063113689422607e-02,2.491291053593158722e-02,-2.881602644920349121e-01
-1.356323659420013428e-01,-2.463023364543914795e-01,2.490068823099136353e-01
1.564483344554901123e-02,4.620437324047088623e-01,2.839944362640380859e-01
1.279537916183471680e+00,1.146622300148010254e+00,1.493546605110168457e+00
-8.747650384902954102e-01,-4.641437232494354248e-01,-8.028452992439270020e-01
2.831353992223739624e-02,-2.036727815866470337e-01,-2.684686779975891113e-01
-2.069504559040069580e-01,-3.771533668041229248e-01,-4.209975004196166992e-01
-1.709349393844604492e+00,-1.434407949447631836e+00,-1.743412375450134277e+00
2.480745613574981689e-01,8.379448205232620239e-02,1.110002696514129639e-01
2.363491952419281006e-01,9.635666012763977051e-02,3.394803404808044434e-02
-7.883700728416442871e-02,-2.801305353641510010e-01,-3.427958488464355469e-01
1.930852413177490234e+00,1.886981964111328125e+00,1.751268863677978516e+00
-3.986342549324035645e-01,4.757653176784515381e-02,-3.212059438228607178e-01
-1.688136160373687744e-01,-3.617855608463287354e-01,-3.974303007125854492e-01
2.600102424621582031e+00,2.425832986831665039e+00,2.567739963531494141e+00
2.646620869636535645e-01,1.534991115331649780e-01,1.332352757453918457e-01
-3.780992031097412109e-01,-2.871028184890747070e-01,-5.271061658859252930e-01
2.697906494140625000e-01,4.893139898777008057e-01,2.850559353828430176e-01
7.450543344020843506e-02,-6.904749572277069092e-02,-2.438769787549972534e-01
2.172577857971191406e+00,2.278033256530761719e+00,1.982784748077392578e+00
6.706709861755371094e-01,6.415163278579711914e-01,5.175956487655639648e-01
3.087908744812011719e+00,2.919923067092895508e+00,3.019899129867553711e+00
-1.839526057243347168e+00,-2.046724081039428711e+00,-1.949474692344665527e+00
-2.381721735000610352e-01,-3.783240914344787598e-01,1.062238216400146484e-02
1.153524041175842285e+00,1.029356360435485840e+00,1.014283657073974609e+00
-1.353259444236755371e+00,-1.251777172088623047e+00,-1.499750733375549316e+00
2.633786201477050781e-01,2.882266640663146973e-01,1.375434845685958862e-01
1.976990699768066406e-01,-6.870800629258155823e-03,-8.217222243547439575e-02
-7.133086919784545898e-01,-2.217991799116134644e-01,-5.647941827774047852e-01
2.633606791496276855e-01,1.561953127384185791e-01,1.227024495601654053e-01
-1.567791223526000977e+00,-1.192695021629333496e+00,-1.525251507759094238e+00
-3.848295807838439941e-01,6.680086255073547363e-02,-3.072686195373535156e-01
-3.103845417499542236e-01,2.390210032463073730e-01,-1.190640479326248169e-01
-8.483242988586425781e-01,-8.527073264122009277e-01,-1.017816424369812012e+00
-1.310504078865051270e-01,1.537235081195831299e-01,-2.376908957958221436e-01
1.227249205112457275e-01,-1.958995610475540161e-01,-1.213198453187942505e-01
1.587447047233581543e+00,1.493043422698974609e+00,1.847213268280029297e+00
-6.524102389812469482e-02,1.319782286882400513e-01,-2.536070942878723145e-01
-2.641366124153137207e-01,-8.241277188062667847e-02,-3.740009665489196777e-01
-4.005758464336395264e-02,-2.862008512020111084e-01,1.356043815612792969e-01
-7.978619635105133057e-02,-3.405264914035797119e-01,-1.438636779785156250e-01
2.211722433567047119e-01,1.664147675037384033e-01,2.666220068931579590e-03
-1.863761544227600098e-01,-3.426195383071899414e-01,6.857724487781524658e-02
2.487872123718261719e+00,2.507388591766357422e+00,2.302338361740112305e+00
5.335167050361633301e-02,1.912562102079391479e-01,-2.177572995424270630e-01
-2.523231804370880127e-01,-6.936954706907272339e-02,3.645999431610107422e-01
-1.239431798458099365e-01,2.181226164102554321e-01,-1.929262578487396240e-01
3.611106574535369873e-01,3.537835478782653809e-01,6.586421132087707520e-01
-5.486807227134704590e-02,1.069234088063240051e-01,-2.655822932720184326e-01
1.444326758384704590e+00,1.969987392425537109e+00,1.659008860588073730e+00
3.206359148025512695e-01,2.340550720691680908e-01,2.162270694971084595e-01
2.097701728343963623e-01,2.268602401018142700e-01,-2.058532461524009705e-02
-1.739969551563262939e-01,-3.923557400703430176e-01,-1.039031222462654114e-01
8.547519445419311523e-01,7.392298579216003418e-01,7.049055695533752441e-01
1.452602446079254150e-01,-1.364173889160156250e-01,-1.330753862857818604e-01
1.026196181774139404e-01,-1.561798602342605591e-01,-2.131592929363250732e-01
1.044578999280929565e-01,-1.714728027582168579e-01,2.854607105255126953e-01
-8.952021598815917969e-04,1.180926635861396790e-01,-2.546069920063018799e-01
2.112490236759185791e-01,2.242076694965362549e-01,-1.724648475646972656e-02
2.206029593944549561e-01,3.782524466514587402e-01,1.358624100685119629e-01
-1.142673373222351074e+00,-8.785797953605651855e-01,-1.186302781105041504e+00
-3.694265484809875488e-01,-5.376773476600646973e-01,-2.439176738262176514e-01
-1.243638396263122559e-01,-3.617254197597503662e-01,-3.498579859733581543e-01
-3.960283279418945312e+00,-4.099280357360839844e+00,-3.694785594940185547e+00
7.524455338716506958e-02,-2.418901920318603516e-01,-1.664481908082962036e-01
8.493357300758361816e-01,7.813804149627685547e-01,6.810613274574279785e-01
-2.440857887268066406e-01,2.758657038211822510e-01,-7.417258620262145996e-02
5.927455425262451172e-01,4.507127404212951660e-01,5.550252199172973633e-01
-1.169590651988983154e-01,-3.748074471950531006e-01,-2.548229694366455078e-01
1.019451141357421875e+00,8.431791663169860840e-01,1.108959317207336426e+00
-3.061244487762451172e+00,-3.170193672180175781e+00,-3.234191417694091797e+00
3.428969383239746094e-01,2.586145102977752686e-01,5.155716538429260254e-01
4.637309908866882324e-02,-9.859148412942886353e-02,3.388385176658630371e-01
9.804277122020721436e-02,2.652938067913055420e-01,-1.269080638885498047e-01
-4.053056836128234863e-01,-5.198106765747070312e-01,-1.809251308441162109e-01
-1.899376809597015381e-01,-2.472177445888519287e-01,2.605323195457458496e-01
1.828462362289428711e+00,1.670321106910705566e+00,1.979781150817871094e+00
8.576907515525817871e-01,6.850487589836120605e-01,7.990562915802001953e-01
7.927132248878479004e-01,8.742254972457885742e-01,1.298175811767578125e+00
4.847073078155517578e+00,4.756065368652343750e+00,4.679533481597900391e+00
-7.147315144538879395e-01,-9.236844182014465332e-01,-7.374508976936340332e-01
1.381574571132659912e-02,-9.763775020837783813e-02,-2.786094546318054199e-01
1.641203463077545166e-01,-1.281428039073944092e-01,-7.321744412183761597e-02
3.867890238761901855e-01,3.849518001079559326e-01,2.816690802574157715e-01
-3.120783865451812744e-01,-7.931842654943466187e-02,3.477653861045837402e-01
-1.947654783725738525e-01,-4.777305759489536285e-03,3.921273946762084961e-01
-7.036092877388000488e-02,1.250179260969161987e-01,4.499269723892211914e-01
-3.308186054229736328e+00,-3.491290330886840820e+00,-3.335163831710815430e+00
3.169370889663696289e-01,1.833243668079376221e-01,3.017113804817199707e-01
9.372839331626892090e-02,-1.682210266590118408e-01,2.915888428688049316e-01
4.466675519943237305e-01,7.859707474708557129e-01,5.292940735816955566e-01
-1.878069341182708740e-01,-3.189166486263275146e-01,1.275048255920410156e-01
4.258434474468231201e-02,-1.355526596307754517e-01,3.188495635986328125e-01
2.084131091833114624e-01,-1.704369485378265381e-02,-1.457712799310684204e-02
-5.862006187438964844e+00,-5.743894577026367188e+00,-6.023986816406250000e+00
3.484495580196380615e-01,4.510355293750762939e-01,2.601632475852966309e-01
2.990713715553283691e-01,1.485945284366607666e-01,2.531474828720092773e-01
-1.838605046272277832e+00,-2.035582304000854492e+00,-1.800937056541442871e+00
-7.801905274391174316e-03,-2.865074276924133301e-01,4.691258072853088379e-03
1.012837067246437073e-01,2.694985866546630859e-01,-1.174443662166595459e-01
-4.137393832206726074e-01,1.673660241067409515e-02,-3.485571742057800293e-01
2.167229354381561279e-02,-7.560957223176956177e-02,-2.726901173591613770e-01
2.800428569316864014e-01,1.132751479744911194e-01,2.229160517454147339e-01
4.122865498065948486e-01,2.999673485755920410e-01,3.688777089118957520e-01
-3.372928798198699951e-01,2.246457040309906006e-01,-1.261933445930480957e-01
1.093251109123229980e-01,8.504618704319000244e-02,-2.103063166141510010e-01
2.071678340435028076e-01,-2.939735352993011475e-02,-9.139366447925567627e-03
1.067253351211547852e-01,3.458925336599349976e-02,4.049327969551086426e-01
-3.396924138069152832e-01,-5.123089551925659180e-01,-2.205772846937179565e-01
-2.149930953979492188e+00,-2.342022418975830078e+00,-2.094561100006103516e+00
1.622354984283447266e-02,-1.285340338945388794e-01,3.267645239830017090e-01
2.322005182504653931e-01,1.171763762831687927e-01,4.212152361869812012e-01
-2.932993471622467041e-01,-4.477078020572662354e-01,-1.057586446404457092e-01
-9.600572586059570312e-01,-9.952721595764160156e-01,-5.889059305191040039e-01
1.251491755247116089e-01,-1.976815164089202881e-01,9.826633334159851074e-02
2.037231922149658203e-01,-3.888646513223648071e-02,-2.000425010919570923e-02
-6.148722767829895020e-01,-5.641786456108093262e-01,-1.337448209524154663e-01
1.619227230548858643e-01,3.146616816520690918e-01,-1.941883191466331482e-02
-2.863661289215087891e+00,-2.949050903320312500e+00,-3.040103912353515625e+00
-6.535136699676513672e-02,-3.434056043624877930e-01,-2.606707811355590820e-01
-2.644484937191009521e-01,-1.142252236604690552e-03,-3.353349566459655762e-01
2.786455750465393066e-01,1.212627366185188293e-01,3.489418625831604004e-01
4.674579948186874390e-02,-2.393633127212524414e-01,1.461249291896820068e-01
3.020108342170715332e-01,3.880624771118164062e-01,2.093194872140884399e-01
-1.831658840179443359e+00,-1.612931370735168457e+00,-1.097627401351928711e+00
2.784091234207153320e-01,1.163936182856559753e-01,3.199128508567810059e-01
4.911929130554199219e+00,4.845964431762695312e+00,4.723127365112304688e+00
-2.046758830547332764e-01,2.395102567970752716e-02,-3.135386109352111816e-01
-2.710101008415222168e-02,-5.004829913377761841e-02,-2.921725213527679443e-01
-2.122052013874053955e-02,1.438325345516204834e-01,4.746455550193786621e-01
-1.528783440589904785e-01,-3.798842132091522217e-01,-1.083628535270690918e-01
-5.678690671920776367e-01,-7.898821681737899780e-02,-4.235498905181884766e-01
-9.686648845672607422e-02,-3.607619181275367737e-02,3.954105377197265625e-01
6.711536645889282227e-01,5.120859742164611816e-01,7.510586977005004883e-01
-3.295327425003051758e-01,1.715738028287887573e-01,-2.338292002677917480e-01
-3.640694022178649902e-01,-1.017762944102287292e-01,-4.044097065925598145e-01
1.110893264412879944e-01,2.481077611446380615e-01,-1.418192833662033081e-01
-2.682927846908569336e-01,-2.502716481685638428e-01,2.774628996849060059e-01
2.612949162721633911e-02,-1.402364373207092285e-01,-2.755530476570129395e-01
1.495717525482177734e+00,1.900027036666870117e+00,1.570042371749877930e+00
3.223645091056823730e-01,2.132742851972579956e-01,2.552638053894042969e-01
3.382460474967956543e-01,2.510862648487091064e-01,5.083919763565063477e-01
-2.453071594238281250e+00,-2.468713521957397461e+00,-2.622487306594848633e+00
-2.005122005939483643e-01,-1.188490092754364014e-01,-3.814534544944763184e-01
-1.654533147811889648e-01,3.443000018596649170e-01,9.871180355548858643e-02
-5.209241807460784912e-02,-2.409846335649490356e-01,-3.271489441394805908e-01
3.709593415260314941e-01,4.464791417121887207e-01,2.742439508438110352e-01
-1.136913299560546875e+00,-1.340023756027221680e+00,-1.110845685005187988e+00
1.631673216819763184e+00,1.660606026649475098e+00,2.074469327926635742e+00
1.201698929071426392e-01,4.262418746948242188e-01,2.086751908063888550e-01
-1.540517449378967285e+00,-1.391154885292053223e+00,-1.669522643089294434e+00
1.927114725112915039e+00,2.126722812652587891e+00,1.791254520416259766e+00
2.015854120254516602e-01,-8.612972497940063477e-02,1.665717363357543945e-02
8.140541613101959229e-02,4.575588703155517578e-01,2.736139297485351562e-01
6.093384027481079102e-01,8.554430007934570312e-01,5.944521427154541016e-01
1.723099350929260254e-01,-6.814478337764739990e-02,-1.270520389080047607e-01
1.436858326196670532e-01,-1.786412149667739868e-01,1.187730431556701660e-01
-1.978844404220581055e-02,-3.111020326614379883e-01,-1.841716021299362183e-01
1.330878287553787231e-01,-1.002464145421981812e-01,3.140680193901062012e-01
-5.931234836578369141e+00,-6.054054737091064453e+00,-5.665755271911621094e+00
3.026726245880126953e-01,4.051245450973510742e-01,2.155780047178268433e-01
2.355762720108032227e-01,3.619756996631622314e-01,1.160051673650741577e-01
7.596186548471450806e-02,-2.389665096998214722e-01,-1.128526031970977783e-02
3.845938205718994141e+00,3.734906673431396484e+00,3.701127290725708008e+00
1.390019178390502930e+00,1.575000882148742676e+00,1.246551275253295898e+00
1.743794322013854980e+00,1.567823648452758789e+00,1.763364672660827637e+00
-3.295754790306091309e-01,-4.551545679569244385e-01,-1.025423109531402588e-01
-1.464787125587463379e-02,-2.692621387541294098e-02,3.879951834678649902e-01
1.106102764606475830e-02,-2.026725262403488159e-01,2.690955996513366699e-01
-3.130979239940643311e-01,9.776452928781509399e-02,-2.910833656787872314e-01
-3.709909319877624512e-02,1.111770495772361755e-01,-2.633815109729766846e-01
5.491754412651062012e-02,-2.454959899187088013e-01,5.031995475292205811e-02
-2.093346118927001953e-01,3.362713456153869629e-01,1.295549273490905762e-01
1.612945348024368286e-01,1.885475032031536102e-02,-1.610144674777984619e-01
8.198688030242919922e-01,9.208154082298278809e-01,1.350965976715087891e+00
-2.624179422855377197e-01,-4.132819473743438721e-01,-4.655733704566955566e-01
1.837008446455001831e-01,3.720271289348602295e-01,1.028371304273605347e-01
1.121281862258911133e+00,9.450725317001342773e-01,1.060585618019104004e+00
-1.581773161888122559e-01,1.080169454216957092e-01,-2.656356692314147949e-01
1.780650913715362549e-01,2.439699470996856689e-01,-7.845264673233032227e-02
-5.159552395343780518e-02,-1.892689764499664307e-01,2.968026995658874512e-01
2.246424257755279541e-01,-2.829590812325477600e-02,1.101051568984985352e-01
1.837395876646041870e-01,-5.995950847864151001e-02,2.931954264640808105e-01
6.688303500413894653e-02,-2.362256646156311035e-01,-1.903039067983627319e-01
3.889572620391845703e+00,3.716564893722534180e+00,3.932862520217895508e+00
-8.310034871101379395e-02,7.928273826837539673e-02,4.375885725021362305e-01
-1.003594249486923218e-01,-2.668829560279846191e-01,2.059927731752395630e-01
2.239808589220046997e-01,-6.071084178984165192e-03,2.907496094703674316e-01
2.746407091617584229e-01,1.203847602009773254e-01,3.863434195518493652e-01
1.322360485792160034e-01,-1.949849426746368408e-01,8.654738962650299072e-02
-6.802677512168884277e-01,-6.433199644088745117e-01,-8.392441868782043457e-01
1.517589241266250610e-01,-1.783327907323837280e-01,4.447348415851593018e-02
4.363707900047302246e-01,3.634317219257354736e-01,3.329676389694213867e-01
-1.496632456779479980e+00,-1.708073258399963379e+00,-1.542717218399047852e+00
3.261234760284423828e+00,3.087775707244873047e+00,3.248309612274169922e+00
6.162990331649780273e-01,5.626821517944335938e-01,8.817946910858154297e-01
1.733757853507995605e-01,1.200994923710823059e-01,-1.263654381036758423e-01
-3.097249865531921387e-01,2.548163235187530518e-01,-5.300460010766983032e-02
-2.392965316772460938e+00,-2.267223596572875977e+00,-2.536506414413452148e+00
1.396181434392929077e-01,-1.727688461542129517e-01,-1.030393913388252258e-01
-3.027685582637786865e-01,1.541522890329360962e-01,-2.552272677421569824e-01
-1.756313741207122803e-01,3.433147072792053223e-01,1.095674037933349609e-01
-1.580387949943542480e-01,-3.908469676971435547e-01,-3.645005822181701660e-01
3.442496955394744873e-01,4.694021046161651611e-01,2.623484134674072266e-01
2.375924736261367798e-01,2.181932888925075531e-02,2.921090722084045410e-01
8.416213095188140869e-02,-1.534323692321777344e-01,3.025767803192138672e-01
-2.738852202892303467e-01,2.444881796836853027e-01,-1.626674979925155640e-01
-2.572211921215057373e-01,1.119520440697669983e-01,-2.757245302200317383e-01
1.827598065137863159e-01,-9.277766197919845581e-02,-5.253639817237854004e-02
-2.610638439655303955e-01,-1.843982487916946411e-01,3.387826085090637207e-01
-1.878197491168975830e-02,-2.385603487491607666e-01,-3.008641600608825684e-01
4.337954223155975342e-01,4.071597754955291748e-01,7.086429595947265625e-01
-4.832913279533386230e-01,-3.669264912605285645e-01,1.364031434059143066e-01
-3.426190912723541260e-01,-5.373063087463378906e-01,-3.588023185729980469e-01
-7.431249618530273438e-01,-4.890241324901580811e-01,-7.913226485252380371e-01
5.355517566204071045e-02,2.719296514987945557e-01,-1.148593872785568237e-01
-2.231591641902923584e-01,-3.829753994941711426e-01,-7.176049053668975830e-03
7.327500730752944946e-02,2.002008073031902313e-02,-2.375237941741943359e-01
3.725186347961425781e+00,4.269243240356445312e+00,3.966773271560668945e+00
9.202323555946350098e-01,8.810104727745056152e-01,1.239419937133789062e+00
2.896072268486022949e-01,2.462759912014007568e-01,5.149718523025512695e-01
-2.085838317871093750e-01,-1.169185340404510498e-01,3.656471371650695801e-01
-1.489105224609375000e-01,-3.886450827121734619e-01,-2.091461867094039917e-01
1.583627462387084961e-01,-1.201925799250602722e-01,-1.063172668218612671e-01
3.973082005977630615e-01,3.981218636035919189e-01,7.178760766983032227e-01
5.950389802455902100e-02,1.133610233664512634e-01,-2.279927432537078857e-01
2.425562143325805664e-01,2.886497974395751953e-01,8.523426949977874756e-02
1.540902405977249146e-01,2.220245301723480225e-01,5.475409030914306641e-01
1.947555541992187500e-01,4.377623796463012695e-01,2.268698960542678833e-01
-1.047015905380249023e+00,-1.267065882682800293e+00,-1.136368274688720703e+00
-2.385829925537109375e+00,-2.557005643844604492e+00,-2.217188358306884766e+00
-3.332649469375610352e-01,-1.598824001848697662e-02,-3.536124825477600098e-01
